{"cameraMode":{"drawMode":0,"name":"Shaded","section":"Shading Mode"},"sceneLighting":false,"audioPlay":false,"sceneViewState":{"showFog":true,"showMaterialUpdate":false,"showSkybox":false,"showFlares":true,"showImageEffects":true,"showParticleSystems":true},"in2DMode":false,"pivot":{"x":2.3333334922790529,"y":0.0,"z":0.5015000104904175},"rotation":{"x":0.15772785246372224,"y":0.02194494567811489,"z":-0.0032645519822835924,"w":0.9873307943344116},"size":0.8145068287849426,"orthographic":false}