{"cameraMode":{"drawMode":0,"name":"Shaded","section":"Shading Mode"},"sceneLighting":true,"audioPlay":false,"sceneViewState":{"showFog":true,"showMaterialUpdate":false,"showSkybox":true,"showFlares":true,"showImageEffects":true,"showParticleSystems":true},"in2DMode":false,"pivot":{"x":501.30718994140627,"y":680.0,"z":473.46722412109377},"rotation":{"x":-0.060480259358882907,"y":0.3032078444957733,"z":0.019531521946191789,"w":0.9509052038192749},"size":2683.210693359375,"orthographic":false}