{"cameraMode":{"drawMode":0,"name":"Shaded","section":"Shading Mode"},"sceneLighting":false,"audioPlay":false,"sceneViewState":{"showFog":true,"showMaterialUpdate":false,"showSkybox":false,"showFlares":true,"showImageEffects":true,"showParticleSystems":true},"in2DMode":false,"pivot":{"x":6.150000095367432,"y":1.8799999952316285,"z":-32.5},"rotation":{"x":-0.23349575698375703,"y":0.4051305055618286,"z":-0.10782138258218765,"w":-0.8773450255393982},"size":15.52916145324707,"orthographic":false}