{"cameraMode":{"drawMode":0,"name":"Shaded","section":"Shading Mode"},"sceneLighting":true,"audioPlay":false,"sceneViewState":{"showFog":true,"showMaterialUpdate":false,"showSkybox":true,"showFlares":true,"showImageEffects":true,"showParticleSystems":true},"in2DMode":false,"pivot":{"x":-1.1608939170837403,"y":171.8889617919922,"z":0.6184289455413818},"rotation":{"x":0.3934492766857147,"y":-0.49173325300216677,"z":0.2653310298919678,"w":0.7301942110061646},"size":11.570883750915528,"orthographic":false}