{"cameraMode":{"drawMode":0,"name":"Shaded","section":"Shading Mode"},"sceneLighting":false,"audioPlay":false,"sceneViewState":{"showFog":true,"showMaterialUpdate":false,"showSkybox":false,"showFlares":true,"showImageEffects":true,"showParticleSystems":true},"in2DMode":false,"pivot":{"x":17.14389419555664,"y":2.197126865386963,"z":-6.292266845703125},"rotation":{"x":-0.02141992188990116,"y":-0.6434760093688965,"z":0.017888128757476808,"w":-0.7650739550590515},"size":31.588817596435548,"orthographic":false}