{"cameraMode":{"drawMode":0,"name":"Shaded","section":"Shading Mode"},"sceneLighting":false,"audioPlay":false,"sceneViewState":{"showFog":true,"showMaterialUpdate":false,"showSkybox":false,"showFlares":true,"showImageEffects":true,"showParticleSystems":true},"in2DMode":false,"pivot":{"x":-1.779106855392456,"y":3.026186943054199,"z":5.69273567199707},"rotation":{"x":-0.27090126276016238,"y":-0.4893357455730438,"z":-0.16289788484573365,"w":0.8129031658172607},"size":6.899944305419922,"orthographic":false}