{"cameraMode":{"drawMode":0,"name":"Shaded","section":"Shading Mode"},"sceneLighting":false,"audioPlay":false,"sceneViewState":{"showFog":true,"showMaterialUpdate":false,"showSkybox":false,"showFlares":true,"showImageEffects":true,"showParticleSystems":true},"in2DMode":false,"pivot":{"x":4.982895851135254,"y":2.384185791015625e-7,"z":0.5247364044189453},"rotation":{"x":0.060335565358400348,"y":0.08851707726716995,"z":-0.00536473048850894,"w":0.994246244430542},"size":37.0628547668457,"orthographic":false}