{"cameraMode":{"drawMode":0,"name":"Shaded","section":"Shading Mode"},"sceneLighting":false,"audioPlay":false,"sceneViewState":{"showFog":true,"showMaterialUpdate":false,"showSkybox":false,"showFlares":true,"showImageEffects":true,"showParticleSystems":true},"in2DMode":false,"pivot":{"x":-15.9022798538208,"y":2.239574670791626,"z":6.336352825164795},"rotation":{"x":0.06857897341251373,"y":0.5673948526382446,"z":-0.0473138727247715,"w":0.8192988634109497},"size":3.0868258476257326,"orthographic":false}