{"cameraMode":{"drawMode":0,"name":"Shaded","section":"Shading Mode"},"sceneLighting":false,"audioPlay":false,"sceneViewState":{"showFog":true,"showMaterialUpdate":false,"showSkybox":false,"showFlares":true,"showImageEffects":true,"showParticleSystems":true},"in2DMode":false,"pivot":{"x":-26.80544662475586,"y":-1.4636728763580323,"z":-6.459477424621582},"rotation":{"x":0.011396524496376515,"y":0.9857640862464905,"z":0.07314679026603699,"w":-0.15138323605060578},"size":13.967970848083496,"orthographic":false}