{"cameraMode":{"drawMode":0,"name":"Shaded","section":"Shading Mode"},"sceneLighting":false,"audioPlay":false,"sceneViewState":{"showFog":true,"showMaterialUpdate":false,"showSkybox":false,"showFlares":true,"showImageEffects":true,"showParticleSystems":true},"in2DMode":false,"pivot":{"x":-2.4027817249298097,"y":0.08891868591308594,"z":9.73798942565918},"rotation":{"x":-0.02141992188990116,"y":-0.6434760093688965,"z":0.017888128757476808,"w":-0.7650739550590515},"size":33.67198181152344,"orthographic":false}