{"cameraMode":{"drawMode":0,"name":"Shaded","section":"Shading Mode"},"sceneLighting":true,"audioPlay":false,"sceneViewState":{"showFog":true,"showMaterialUpdate":false,"showSkybox":false,"showFlares":true,"showImageEffects":true,"showParticleSystems":true},"in2DMode":false,"pivot":{"x":-20.520000457763673,"y":1.8400001525878907,"z":9.490325927734375},"rotation":{"x":0.05356913432478905,"y":0.8813679814338684,"z":0.10270841419696808,"w":-0.4581468403339386},"size":40.010372161865237,"orthographic":false}